year,rps_target
2015,0.14100000000000001
2020,0.28200000000000003
2030,0.37600000000000006
2040,0.658
2045,0.9400000000000001
