year,rps_target
2015,0.10500000000000001
2020,0.21000000000000002
2030,0.28
2040,0.49
2045,0.7000000000000001
