year,rps_target
2015,0.123
2020,0.246
2030,0.32800000000000007
2040,0.574
2045,0.8200000000000001
