year,rps_target
2015,0.015
2020,0.03
2030,0.04000000000000001
2040,0.06999999999999999
2045,0.1
