year,rps_target
2015,0.12
2020,0.24
2030,0.32000000000000006
2040,0.5599999999999999
2045,0.8
