year,rps_target
2015,0.03
2020,0.06
2030,0.08000000000000002
2040,0.13999999999999999
2045,0.2
