year,rps_target
2015,0.06
2020,0.12
2030,0.16000000000000003
2040,0.27999999999999997
2045,0.4
